Date, Curreny, Rate
12/10/2017,AUD,1.342916
12/10/2017,BGN,1.192313
12/10/2017,BRL,3.301415
12/10/2017,CAD,1.465016
12/10/2017,CHF,0.891819
12/10/2017,CLP,653.989569
12/10/2017,CNY,6.615961
12/10/2017,CZK,22.539047
12/10/2017,DKK,6.291741
12/10/2017,EUR,0.891163
12/10/2017,GBP,0.813279
12/10/2017,HKD,7.119197
12/10/2017,HUF,271.161136
12/10/2017,IDR,13551.953671
12/10/2017,ILS,3.745723
12/10/2017,INR,65.094153
12/10/2017,JPY,111.507219
12/10/2017,KRW,1089.923172
12/10/2017,MYR,4.173119
12/10/2017,MXN,18.163991
12/10/2017,NOK,8.630951
12/10/2017,NZD,1.403162
12/10/2017,PHP,53.013007
12/10/2017,PLN,3.861116
12/10/2017,RUB,58.487187
12/10/2017,SAR,3.810713
12/10/2017,SEK,8.492195
12/10/2017,SGD,1.311217
12/10/2017,THB,32.711925
12/10/2017,ZAR,13.572971
12/09/2017,AUD,1.242916
12/09/2017,BGN,1.752313
12/09/2017,BRL,3.201418
12/09/2017,CAD,1.365090
12/09/2017,CHF,0.990017
12/09/2017,CLP,655.989569
12/09/2017,CNY,6.915369
12/09/2017,CZK,22.510041
12/09/2017,DKK,6.911749
12/09/2017,EUR,0.831761
12/09/2017,GBP,0.793270
12/09/2017,HKD,7.719150
12/09/2017,HUF,268.961136
12/09/2017,IDR,13541.353671
12/09/2017,ILS,3.345721
12/09/2017,INR,63.994153
12/09/2017,JPY,111.907299
12/09/2017,KRW,1099.023078
12/09/2017,MYR,4.970115
12/09/2017,MXN,18.967991
12/09/2017,NOK,8.230451
12/09/2017,NZD,1.304170
12/09/2017,PHP,52.093007
12/09/2017,PLN,3.761916
12/09/2017,RUB,58.987087
12/09/2017,SAR,3.410712
12/09/2017,SEK,8.902190
12/09/2017,SGD,1.209219
12/09/2017,THB,33.019929
12/09/2017,ZAR,13.112971
12/08/2017,AUD,1.342116
12/08/2017,BGN,1.652313
12/08/2017,BRL,3.231318
12/08/2017,CAD,1.265090
12/08/2017,CHF,0.890017
12/08/2017,CLP,653.989569
12/08/2017,CNY,6.615360
12/08/2017,CZK,21.511741
12/08/2017,DKK,6.311749
12/08/2017,EUR,0.839761
12/08/2017,GBP,0.743270
12/08/2017,HKD,7.811150
12/08/2017,HUF,268.161136
12/08/2017,IDR,13561.353671
12/08/2017,ILS,3.315721
12/08/2017,INR,64.954153
12/08/2017,JPY,112.307299
12/08/2017,KRW,1098.923078
12/08/2017,MYR,4.070115
12/08/2017,MXN,18.467991
12/08/2017,NOK,8.280451
12/08/2017,NZD,1.394170
12/08/2017,PHP,51.793007
12/08/2017,PLN,3.461916
12/08/2017,RUB,58.988085
12/08/2017,SAR,3.490712
12/08/2017,SEK,8.132199
12/08/2017,SGD,1.309213
12/08/2017,THB,32.019929
12/08/2017,ZAR,14.112071
12/07/2017,AUD,1.329810
12/07/2017,BGN,1.658927
12/07/2017,BRL,3.299085
12/07/2017,CAD,1.285590
12/07/2017,CHF,0.992121
12/07/2017,CLP,654.353162
12/07/2017,CNY,6.619266
12/07/2017,CZK,21.686906
12/07/2017,DKK,6.312070
12/07/2017,EUR,0.848196
12/07/2017,GBP,0.745999
12/07/2017,HKD,7.808249
12/07/2017,HUF,267.204648
12/07/2017,IDR,13546.252708
12/07/2017,ILS,3.515646
12/07/2017,INR,64.575401
12/07/2017,JPY,112.690422
12/07/2017,KRW,1092.225807
12/07/2017,MYR,4.090044
12/07/2017,MXN,18.952277
12/07/2017,NOK,8.287709
12/07/2017,NZD,1.461822
12/07/2017,PHP,50.622328
12/07/2017,PLN,3.573524
12/07/2017,RUB,3.573524
12/07/2017,SAR,3.750000
12/07/2017,SEK,8.465190
12/07/2017,SGD,1.350363
12/07/2017,THB,32.629223
12/07/2017,ZAR,13.672962
12/06/2017,AUD,1.322017
12/06/2017,BGN,1.657889
12/06/2017,BRL,3.233317
12/06/2017,CAD,1.279096
12/06/2017,CHF,0.990003
12/06/2017,CLP,653.189569
12/06/2017,CNY,6.615960
12/06/2017,CZK,21.711745
12/06/2017,DKK,6.307940
12/06/2017,EUR,0.847665
12/06/2017,GBP,0.747470
12/06/2017,HKD,7.812851
12/06/2017,HUF,266.464436
12/06/2017,IDR,13540.353891
12/06/2017,ILS,3.515521
12/06/2017,INR,64.554753
12/06/2017,JPY,112.247293
12/06/2017,KRW,1095.723978
12/06/2017,MYR,4.074195
12/06/2017,MXN,18.877279
12/06/2017,NOK,8.280452
12/06/2017,NZD,1.454152
12/06/2017,PHP,50.723117
12/06/2017,PLN,3.571516
12/06/2017,RUB,59.189885
12/06/2017,SAR,3.750000
12/06/2017,SEK,8.432702
12/06/2017,SGD,1.349293
12/06/2017,THB,32.612920
12/06/2017,ZAR,13.512511
12/05/2017,AUD,1.314837
12/05/2017,BGN,1.654638
12/05/2017,BRL,3.235468
12/05/2017,CAD,1.269041
12/05/2017,CHF,0.986702
12/05/2017,CLP,654.074671
12/05/2017,CNY,6.619329
12/05/2017,CZK,21.708023
12/05/2017,DKK,6.295759
12/05/2017,EUR,0.846003
12/05/2017,GBP,0.743311
12/05/2017,HKD,7.814680
12/05/2017,HUF,265.705401
12/05/2017,IDR,13524.500570
12/05/2017,ILS,3.502321
12/05/2017,INR,64.385915
12/05/2017,JPY,112.746637
12/05/2017,KRW,1086.762751
12/05/2017,MYR,4.063088
12/05/2017,MXN,18.718767
12/05/2017,NOK,8.284959
12/05/2017,NZD,1.453979
12/05/2017,PHP,50.652141
12/05/2017,PLN,50.652141
12/05/2017,RUB,58.714301
12/05/2017,SAR,3.750000
12/05/2017,SEK,8.378390
12/05/2017,SGD,1.347840
12/05/2017,THB,32.618787
12/05/2017,ZAR,13.468997
12/04/2017,AUD,1.316228
12/04/2017,BGN,1.650036
12/04/2017,BRL,3.250085
12/04/2017,CAD,1.269692
12/04/2017,CHF,0.985708
12/04/2017,CLP,648.395576
12/04/2017,CNY,6.619521
12/04/2017,CZK,21.596476
12/04/2017,DKK,6.279965
12/04/2017,EUR,0.843896
12/04/2017,GBP,0.742812
12/04/2017,HKD,7.817365
12/04/2017,HUF,264.762396
12/04/2017,IDR,13515.141229
12/04/2017,ILS,3.491805
12/04/2017,INR,64.378130
12/04/2017,JPY,112.791055
12/04/2017,KRW,1085.455386
12/04/2017,MYR,4.067096
12/04/2017,MXN,18.659541
12/04/2017,NOK,8.331546
12/04/2017,NZD,1.460668
12/04/2017,PHP,50.689188
12/04/2017,PLN,3.548857
12/04/2017,RUB,58.872330
12/04/2017,SAR,3.750175
12/04/2017,SEK,8.424521
12/04/2017,SGD,1.348755
12/04/2017,THB,32.625822
12/04/2017,ZAR,13.579231
12/03/2017,AUD,1.316491
12/03/2017,BGN,1.645658
12/03/2017,BRL,3.258436
12/03/2017,CAD,1.270089
12/03/2017,CHF,0.981494
12/03/2017,CLP,647.799489
12/03/2017,CNY,6.614951
12/03/2017,CZK,21.544042
12/03/2017,DKK,6.273442
12/03/2017,EUR,0.843012
12/03/2017,GBP,0.744201
12/03/2017,HKD,7.811654
12/03/2017,HUF,264.626105
12/03/2017,IDR,13529.702900
12/03/2017,ILS,3.488849
12/03/2017,INR,64.531454
12/03/2017,JPY,112.899025
12/03/2017,KRW,1082.374151
12/03/2017,MYR,4.089876
12/03/2017,MXN,18.641133
12/03/2017,NOK,8.295424
12/03/2017,NZD,1.456841
12/03/2017,PHP,50.247642
12/03/2017,PLN,3.547731
12/03/2017,RUB,58.743004
12/03/2017,SAR,3.750004
12/03/2017,SEK,8.379861
12/03/2017,SGD,1.347613
12/03/2017,THB,32.655886
12/03/2017,ZAR,13.760304
12/02/2017,AUD,1.312677
12/02/2017,BGN,1.645557
12/02/2017,BRL,3.254500
12/02/2017,CAD,1.268244
12/02/2017,CHF,0.975909
12/02/2017,CLP,647.799983
12/02/2017,CNY,6.614854
12/02/2017,CZK,6.364958
12/02/2017,DKK,6.254888
12/02/2017,EUR,0.840563
12/02/2017,GBP,0.742262
12/02/2017,HKD,7.811428
12/02/2017,HUF,263.920831
12/02/2017,IDR,13529.073963
12/02/2017,ILS,3.486729
12/02/2017,INR,64.531702
12/02/2017,JPY,112.157665
12/02/2017,KRW,1082.534043
12/02/2017,MYR,4.089999
12/02/2017,MXN,18.629774
12/02/2017,NOK,8.294709
12/02/2017,NZD,1.451873
12/02/2017,PHP,50.245336
12/02/2017,PLN,3.544104
12/02/2017,RUB,58.892263
12/02/2017,SAR,3.750219
12/02/2017,SEK,8.342284
12/02/2017,SGD,1.346569
12/02/2017,THB,32.605014
12/02/2017,ZAR,13.715358
12/01/2017,AUD,1.311383
12/01/2017,BGN,1.641939
12/01/2017,BRL,3.259302
12/01/2017,CAD,1.270457
12/01/2017,CHF,0.975562
12/01/2017,CLP,648.872368
12/01/2017,CNY,6.615358
12/01/2017,CZK,21.480394
12/01/2017,DKK,6.246527
12/01/2017,EUR,0.839423
12/01/2017,GBP,0.740163
12/01/2017,HKD,7.812532
12/01/2017,HUF,263.538772
12/01/2017,IDR,13529.241983
12/01/2017,ILS,3.484193
12/01/2017,INR,64.527466
12/01/2017,JPY,111.822283
12/01/2017,KRW,1083.416030
12/01/2017,MYR,4.090233
12/01/2017,MXN,18.624491
12/01/2017,NOK,8.277419
12/01/2017,NZD,1.450851
12/01/2017,PHP,50.294225
12/01/2017,PLN,3.538326
12/01/2017,RUB,59.021226
12/01/2017,SAR,3.750714
12/01/2017,SEK,8.360546
12/01/2017,SGD,1.344757
12/01/2017,THB,32.607179
12/01/2017,ZAR,13.736533
11/30/2017,AUD,1.320717
11/30/2017,BGN,1.643119
11/30/2017,BRL,3.285326
11/30/2017,CAD,1.288524
11/30/2017,CHF,0.983568
11/30/2017,CLP,648.279953
11/30/2017,CNY,6.613366
11/30/2017,CZK,21.425138
11/30/2017,DKK,6.252294
11/30/2017,EUR,0.840034
11/30/2017,GBP,0.740426
11/30/2017,HKD,7.809837
11/30/2017,HUF,262.841478
11/30/2017,IDR,13542.805667
11/30/2017,ILS,3.497820
11/30/2017,INR,64.483282
11/30/2017,JPY,112.298876
11/30/2017,KRW,1085.713566
11/30/2017,MYR,4.092191
11/30/2017,MXN,18.635131
11/30/2017,NOK,8.288929
11/30/2017,NZD,1.460059
11/30/2017,PHP,50.400251
11/30/2017,PLN,3.529508
11/30/2017,RUB,58.419091
11/30/2017,SAR,3.750133
11/30/2017,SEK,8.359900
11/30/2017,SGD,1.348335
11/30/2017,THB,32.592733
11/30/2017,ZAR,13.647672
11/29/2017,AUD,1.320519
11/29/2017,BGN,1.649267
11/29/2017,BRL,3.228296
11/29/2017,CAD,1.284718
11/29/2017,CHF,0.983720
11/29/2017,CLP,644.397116
11/29/2017,CNY,6.614495
11/29/2017,CZK,21.489909
11/29/2017,DKK,6.275717
11/29/2017,EUR,0.843189
11/29/2017,GBP,0.744315
11/29/2017,HKD,7.808572
11/29/2017,HUF,263.051729
11/29/2017,IDR,13513.230243
11/29/2017,ILS,3.503565
11/29/2017,INR,64.383292
11/29/2017,JPY,111.754577
11/29/2017,KRW,1079.624398
11/29/2017,MYR,4.090559
11/29/2017,MXN,18.509527
11/29/2017,NOK,8.233570
11/29/2017,NZD,1.449675
11/29/2017,PHP,50.327760
11/29/2017,PLN,3.542850
11/29/2017,RUB,58.553451
11/29/2017,SAR,3.750922
11/29/2017,SEK,8.352718
11/29/2017,SGD,1.346613
11/29/2017,THB,32.581512
11/29/2017,ZAR,13.632437
11/28/2017,AUD,1.312831
11/28/2017,BGN,1.646117
11/28/2017,BRL,3.206556
11/28/2017,CAD,1.280470
11/28/2017,CHF,0.982997
11/28/2017,CLP,641.432498
11/28/2017,CNY,6.607127
11/28/2017,CZK,21.453594
11/28/2017,DKK,6.265131
11/28/2017,EUR,0.841768
11/28/2017,GBP,0.755647
11/28/2017,HKD,7.801852
11/28/2017,HUF,261.901170
11/28/2017,IDR,13515.193426
11/28/2017,ILS,3.498498
11/28/2017,INR,64.419796
11/28/2017,JPY,111.125544
11/28/2017,KRW,1080.854044
11/28/2017,MYR,4.101658
11/28/2017,MXN,18.581129
11/28/2017,NOK,8.224107
11/28/2017,NZD,1.442795
11/28/2017,PHP,50.280233
11/28/2017,PLN,3.539646
11/28/2017,RUB,58.377777
11/28/2017,SAR,3.750070
11/28/2017,SEK,8.337551
11/28/2017,SGD,1.344687
11/28/2017,THB,32.558030
11/28/2017,ZAR,13.599481
11/27/2017,AUD,1.314919
11/27/2017,BGN,1.642132
11/27/2017,BRL,3.224304
11/27/2017,CAD,1.274336
11/27/2017,CHF,0.980436
11/27/2017,CLP,638.292089
11/27/2017,CNY,6.598988
11/27/2017,CZK,21.339169
11/27/2017,DKK,6.247837
11/27/2017,EUR,0.839544
11/27/2017,GBP,0.750143
11/27/2017,HKD,7.801401
11/27/2017,HUF,261.172169
11/27/2017,IDR,13513.384283
11/27/2017,ILS,3.503961
11/27/2017,INR,64.491775
11/27/2017,JPY,110.988479
11/27/2017,KRW,1089.304722
11/27/2017,MYR,4.109243
11/27/2017,MXN,18.528221
11/27/2017,NOK,8.147714
11/27/2017,NZD,1.447378
11/27/2017,PHP,50.350421
11/27/2017,PLN,3.531972
11/27/2017,RUB,58.363446
11/27/2017,SAR,3.750642
11/27/2017,SEK,8.296876
11/27/2017,SGD,1.346233
11/27/2017,THB,32.620697
11/27/2017,ZAR,13.739973
11/26/2017,AUD,1.312099
11/26/2017,BGN,1.646738
11/26/2017,BRL,3.233817
11/26/2017,CAD,1.270523
11/26/2017,CHF,0.979459
11/26/2017,CLP,634.080014
11/26/2017,CNY,6.586585
11/26/2017,CZK,21.320480
11/26/2017,DKK,6.233217
11/26/2017,EUR,0.838062
11/26/2017,GBP,0.749823
11/26/2017,HKD,7.807511
11/26/2017,HUF,262.675795
11/26/2017,IDR,13505.507258
11/26/2017,ILS,3.509043
11/26/2017,INR,64.651880
11/26/2017,JPY,111.517289
11/26/2017,KRW,1084.610029
11/26/2017,MYR,4.118006
11/26/2017,MXN,18.627897
11/26/2017,NOK,8.130251
11/26/2017,NZD,1.453974
11/26/2017,PHP,50.634983
11/26/2017,PLN,3.528621
11/26/2017,RUB,58.383854
11/26/2017,SAR,3.750250
11/26/2017,SEK,8.288162
11/26/2017,SGD,1.345340
11/26/2017,THB,32.720494
11/26/2017,ZAR,14.194360
11/25/2017,AUD,1.312134
11/25/2017,BGN,1.645633
11/25/2017,BRL,3.233599
11/25/2017,CAD,1.270654
11/25/2017,CHF,0.979478
11/25/2017,CLP,634.081007
11/25/2017,CNY,6.599580
11/25/2017,CZK,21.321848
11/25/2017,DKK,6.233861
11/25/2017,EUR,0.838054
11/25/2017,GBP,0.749791
11/25/2017,HKD,7.807645
11/25/2017,HUF,262.505618
11/25/2017,IDR,13506.962145
11/25/2017,ILS,3.508964
11/25/2017,INR,64.643565
11/25/2017,JPY,111.519626
11/25/2017,KRW,1084.856261
11/25/2017,MYR,4.117275
11/25/2017,MXN,18.618096
11/25/2017,NOK,8.130304
11/25/2017,NZD,1.453900
11/25/2017,PHP,50.634820
11/25/2017,PLN,3.528740
11/25/2017,RUB,58.389903
11/25/2017,SAR,3.750300
11/25/2017,SEK,8.287413
11/25/2017,SGD,1.345287
11/25/2017,THB,32.720427
11/25/2017,ZAR,14.179345
11/24/2017,AUD,1.312454
11/24/2017,BGN,1.638834
11/24/2017,BRL,3.222490
11/24/2017,CAD,1.270633
11/24/2017,CHF,0.978853
11/24/2017,CLP,634.209211
11/24/2017,CNY,6.602337
11/24/2017,CZK,21.324859
11/24/2017,DKK,6.235523
11/24/2017,EUR,0.837800
11/24/2017,GBP,0.749743
11/24/2017,HKD,7.808983
11/24/2017,HUF,261.394376
11/24/2017,IDR,13502.306384
11/24/2017,ILS,3.506938
11/24/2017,INR,64.572257
11/24/2017,JPY,111.549070
11/24/2017,KRW,1083.427729
11/24/2017,MYR,4.114018
11/24/2017,MXN,18.522158
11/24/2017,NOK,8.131098
11/24/2017,NZD,1.452743
11/24/2017,PHP,50.639893
11/24/2017,PLN,3.525582
11/24/2017,RUB,58.262529
11/24/2017,SAR,3.750421
11/24/2017,SEK,8.278352
11/24/2017,SGD,1.345136
11/24/2017,THB,32.652927
11/24/2017,ZAR,13.865107
11/23/2017,AUD,1.311048
11/23/2017,BGN,1.650983
11/23/2017,BRL,3.224529
11/23/2017,CAD,1.271381
11/23/2017,CHF,0.982000
11/23/2017,CLP,635.560222
11/23/2017,CNY,6.581845
11/23/2017,CZK,21.455198
11/23/2017,DKK,6.280604
11/23/2017,EUR,0.843901
11/23/2017,GBP,0.751877
11/23/2017,HKD,7.811337
11/23/2017,HUF,263.599874
11/23/2017,IDR,13480.592829
11/23/2017,ILS,3.512452
11/23/2017,INR,64.601439
11/23/2017,JPY,111.208215
11/23/2017,KRW,1083.458409
11/23/2017,MYR,4.108083
11/23/2017,MXN,18.617655
11/23/2017,NOK,8.127554
11/23/2017,NZD,1.452116
11/23/2017,PHP,50.518265
11/23/2017,PLN,3.549417
11/23/2017,RUB,58.397024
11/23/2017,SAR,3.749791
11/23/2017,SEK,8.295530
11/23/2017,SGD,1.345596
11/23/2017,THB,32.659090
11/23/2017,ZAR,13.882610
11/22/2017,AUD,1.317708
11/22/2017,BGN,1.659750
11/22/2017,BRL,3.235002
11/22/2017,CAD,1.273208
11/22/2017,CHF,0.983985
11/22/2017,CLP,634.082618
11/22/2017,CNY,6.610173
11/22/2017,CZK,21.627067
11/22/2017,DKK,6.314574
11/22/2017,EUR,0.848490
11/22/2017,GBP,0.752504
11/22/2017,HKD,7.811758
11/22/2017,HUF,265.453686
11/22/2017,IDR,13498.543199
11/22/2017,ILS,3.512100
11/22/2017,INR,64.855512
11/22/2017,JPY,111.656871
11/22/2017,KRW,1086.803073
11/22/2017,MYR,4.109665
11/22/2017,MXN,18.712880
11/22/2017,NOK,8.190744
11/22/2017,NZD,1.458062
11/22/2017,PHP,50.549596
11/22/2017,PLN,3.568690
11/22/2017,RUB,58.612495
11/22/2017,SAR,3.750431
11/22/2017,SEK,8.380093
11/22/2017,SGD,1.349352
11/22/2017,THB,32.710675
11/22/2017,ZAR,13.883408
11/21/2017,AUD,1.319034
11/21/2017,BGN,1.665783
11/21/2017,BRL,3.245480
11/21/2017,CAD,1.277005
11/21/2017,CHF,0.991663
11/21/2017,CLP,635.157001
11/21/2017,CNY,6.628785
11/21/2017,CZK,21.730925
11/21/2017,DKK,6.338713
11/21/2017,EUR,0.851763
11/21/2017,GBP,0.755718
11/21/2017,HKD,7.811295
11/21/2017,HUF,266.832732
11/21/2017,IDR,13511.295044
11/21/2017,ILS,3.517721
11/21/2017,INR,64.844833
11/21/2017,JPY,112.476570
11/21/2017,KRW,1088.952113
11/21/2017,MYR,4.132317
11/21/2017,MXN,18.805321
11/21/2017,NOK,8.211456
11/21/2017,NZD,1.463190
11/21/2017,PHP,50.547849
11/21/2017,PLN,3.591848
11/21/2017,RUB,59.146409
11/21/2017,SAR,3.750621
11/21/2017,SEK,8.427970
11/21/2017,SGD,1.353985
11/21/2017,THB,32.751325
11/21/2017,ZAR,13.967217
11/20/2017,AUD,1.324497
11/20/2017,BGN,1.665734
11/20/2017,BRL,3.257675
11/20/2017,CAD,1.279518
11/20/2017,CHF,0.992388
11/20/2017,CLP,637.817048
11/20/2017,CNY,6.635605
11/20/2017,CZK,21.760559
11/20/2017,DKK,6.338344
11/20/2017,EUR,0.851771
11/20/2017,GBP,0.755180
11/20/2017,HKD,7.811806
11/20/2017,HUF,266.046843
11/20/2017,IDR,13526.598040
11/20/2017,ILS,3.516792
11/20/2017,INR,65.051694
11/20/2017,JPY,112.505074
11/20/2017,KRW,1096.893369
11/20/2017,MYR,4.140762
11/20/2017,MXN,19.037455
11/20/2017,NOK,8.281444
11/20/2017,NZD,1.468216
11/20/2017,PHP,50.738274
11/20/2017,PLN,3.605534
11/20/2017,RUB,59.407408
11/20/2017,SAR,3.749997
11/20/2017,SEK,8.479078
11/20/2017,SGD,1.357324
11/20/2017,THB,32.825836
11/20/2017,ZAR,14.050271
11/19/2017,AUD,1.320705
11/19/2017,BGN,1.658183
11/19/2017,BRL,3.258106
11/19/2017,CAD,1.276361
11/19/2017,CHF,0.988690
11/19/2017,CLP,626.594989
11/19/2017,CNY,6.625709
11/19/2017,CZK,21.689580
11/19/2017,DKK,6.311531
11/19/2017,EUR,0.848030
11/19/2017,GBP,0.756824
11/19/2017,HKD,7.810034
11/19/2017,HUF,264.314416
11/19/2017,IDR,13530.887641
11/19/2017,ILS,3.514748
11/19/2017,INR,65.031129
11/19/2017,JPY,112.049384
11/19/2017,KRW,1093.353020
11/19/2017,MYR,4.162578
11/19/2017,MXN,18.924749
11/19/2017,NOK,8.239817
11/19/2017,NZD,1.467177
11/19/2017,PHP,50.821123
11/19/2017,PLN,3.590850
11/19/2017,RUB,59.095534
11/19/2017,SAR,3.750148
11/19/2017,SEK,8.439035
11/19/2017,SGD,1.355877
11/19/2017,THB,32.835148
11/19/2017,ZAR,13.967814
11/18/2017,AUD,1.320812
11/18/2017,BGN,1.658405
11/18/2017,BRL,3.257964
11/18/2017,CAD,1.276637
11/18/2017,CHF,0.988786
11/18/2017,CLP,626.594978
11/18/2017,CNY,6.625902
11/18/2017,CZK,21.688434
11/18/2017,DKK,6.311670
11/18/2017,EUR,0.848030
11/18/2017,GBP,0.756723
11/18/2017,HKD,7.810553
11/18/2017,HUF,264.388394
11/18/2017,IDR,13529.348286
11/18/2017,ILS,3.514711
11/18/2017,INR,65.005432
11/18/2017,JPY,112.051559
11/18/2017,KRW,1093.495378
11/18/2017,MYR,4.162580
11/18/2017,MXN,18.924227
11/18/2017,NOK,8.239737
11/18/2017,NZD,1.467437
11/18/2017,PHP,50.821097
11/18/2017,PLN,3.590946
11/18/2017,RUB,59.099284
11/18/2017,SAR,3.750086
11/18/2017,SEK,8.434197
11/18/2017,SGD,1.356081
11/18/2017,THB,32.835240
11/18/2017,ZAR,13.975372
11/17/2017,AUD,1.322440
11/17/2017,BGN,1.658228
11/17/2017,BRL,3.264634
11/17/2017,CAD,1.278307
11/17/2017,CHF,0.988424
11/17/2017,CLP,626.597474
11/17/2017,CNY,6.626581
11/17/2017,CZK,21.699241
11/17/2017,DKK,6.308154
11/17/2017,EUR,0.847712
11/17/2017,GBP,0.756467
11/17/2017,HKD,7.811742
11/17/2017,HUF,264.345575
11/17/2017,IDR,13516.966570
11/17/2017,ILS,3.514720
11/17/2017,INR,64.941108
11/17/2017,JPY,111.987511
11/17/2017,KRW,1093.896658
11/17/2017,MYR,4.156631
11/17/2017,MXN,18.939386
11/17/2017,NOK,8.244337
11/17/2017,NZD,1.468304
11/17/2017,PHP,50.836078
11/17/2017,PLN,3.592625
11/17/2017,RUB,59.175881
11/17/2017,SAR,3.750170
11/17/2017,SEK,8.438440
11/17/2017,SGD,1.354009
11/17/2017,THB,32.820161
11/17/2017,ZAR,13.973028
11/16/2017,AUD,1.317357
11/16/2017,BGN,1.661586
11/16/2017,BRL,3.277369
11/16/2017,CAD,1.273832
11/16/2017,CHF,0.992347
11/16/2017,CLP,630.601582
11/16/2017,CNY,6.630860
11/16/2017,CZK,21.714987
11/16/2017,DKK,6.321440
11/16/2017,EUR,0.849420
11/16/2017,GBP,0.757584
11/16/2017,HKD,7.809712
11/16/2017,HUF,265.035401
11/16/2017,IDR,13528.316062
11/16/2017,ILS,3.521013
11/16/2017,INR,65.242137
11/16/2017,JPY,112.876639
11/16/2017,KRW,1095.475234
11/16/2017,MYR,4.168052
11/16/2017,MXN,19.102038
11/16/2017,NOK,8.210164
11/16/2017,NZD,1.457316
11/16/2017,PHP,50.740888
11/16/2017,PLN,3.599745
11/16/2017,RUB,59.628166
11/16/2017,SAR,3.750439
11/16/2017,SEK,8.404559
11/16/2017,SGD,1.355802
11/16/2017,THB,32.914493
11/16/2017,ZAR,14.187813
11/15/2017,AUD,1.320243
11/15/2017,BGN,1.658726
11/15/2017,BRL,3.313319
11/15/2017,CAD,1.278397
11/15/2017,CHF,0.990698
11/15/2017,CLP,633.324068
11/15/2017,CNY,6.623372
11/15/2017,CZK,21.733292
11/15/2017,DKK,6.311156
11/15/2017,EUR,0.848037
11/15/2017,GBP,0.759730
11/15/2017,HKD,7.806897
11/15/2017,HUF,264.912610
11/15/2017,IDR,13544.509105
11/15/2017,ILS,3.530923
11/15/2017,INR,65.331036
11/15/2017,JPY,113.165398
11/15/2017,KRW,1104.901182
11/15/2017,MYR,4.180119
11/15/2017,MXN,19.259101
11/15/2017,NOK,8.256015
11/15/2017,NZD,1.455460
11/15/2017,PHP,50.844627
11/15/2017,PLN,3.601582
11/15/2017,RUB,60.116507
11/15/2017,SAR,3.750289
11/15/2017,SEK,8.442709
11/15/2017,SGD,1.357735
11/15/2017,THB,33.021089
11/15/2017,ZAR,14.400150
11/14/2017,AUD,1.310910
11/14/2017,BGN,1.662306
11/14/2017,BRL,3.302114
11/14/2017,CAD,1.273168
11/14/2017,CHF,0.991381
11/14/2017,CLP,632.098208
11/14/2017,CNY,6.636234
11/14/2017,CZK,21.789229
11/14/2017,DKK,6.324846
11/14/2017,EUR,0.850039
11/14/2017,GBP,0.761675
11/14/2017,HKD,7.803654
11/14/2017,HUF,264.986905
11/14/2017,IDR,13542.453843
11/14/2017,ILS,3.536883
11/14/2017,INR,65.413601
11/14/2017,JPY,113.489402
11/14/2017,KRW,1114.652957
11/14/2017,MYR,4.193712
11/14/2017,MXN,19.141709
11/14/2017,NOK,8.204299
11/14/2017,NZD,1.452663
11/14/2017,PHP,51.135232
11/14/2017,PLN,3.611213
11/14/2017,RUB,60.120134
11/14/2017,SAR,3.750291
11/14/2017,SEK,8.419336
11/14/2017,SGD,1.359803
11/14/2017,THB,33.058367
11/14/2017,ZAR,14.390699
11/13/2017,AUD,1.312074
11/13/2017,BGN,1.677855
11/13/2017,BRL,3.293841
11/13/2017,CAD,1.273503
11/13/2017,CHF,0.997389
11/13/2017,CLP,630.105705
11/13/2017,CNY,6.640491
11/13/2017,CZK,21.926491
11/13/2017,DKK,6.383287
11/13/2017,EUR,0.857920
11/13/2017,GBP,0.763181
11/13/2017,HKD,7.801180
11/13/2017,HUF,267.614087
11/13/2017,IDR,13568.592428
11/13/2017,ILS,3.546195
11/13/2017,INR,65.461522
11/13/2017,JPY,113.614693
11/13/2017,KRW,1119.244292
11/13/2017,MYR,4.189277
11/13/2017,MXN,19.173232
11/13/2017,NOK,8.178601
11/13/2017,NZD,1.449909
11/13/2017,PHP,51.193048
11/13/2017,PLN,3.635568
11/13/2017,RUB,59.432109
11/13/2017,SAR,3.750719
11/13/2017,SEK,8.394937
11/13/2017,SGD,1.362340
11/13/2017,THB,33.080415
11/13/2017,ZAR,14.496594
11/12/2017,AUD,1.303942
11/12/2017,BGN,1.678246
11/12/2017,BRL,3.278610
11/12/2017,CAD,1.267705
11/12/2017,CHF,0.995701
11/12/2017,CLP,631.500000
11/12/2017,CNY,6.640277
11/12/2017,CZK,21.893643
11/12/2017,DKK,6.377420
11/12/2017,EUR,0.857212
11/12/2017,GBP,0.758134
11/12/2017,HKD,7.800473
11/12/2017,HUF,268.838900
11/12/2017,IDR,13535.044783
11/12/2017,ILS,3.550088
11/12/2017,INR,65.172629
11/12/2017,JPY,113.540615
11/12/2017,KRW,1119.869351
11/12/2017,MYR,4.192507
11/12/2017,MXN,19.186961
11/12/2017,NOK,8.130319
11/12/2017,NZD,1.442831
11/12/2017,PHP,51.265215
11/12/2017,PLN,3.624023
11/12/2017,RUB,59.234938
11/12/2017,SAR,3.770898
11/12/2017,SEK,8.364568
11/12/2017,SGD,1.360597
11/12/2017,THB,33.156244
11/12/2017,ZAR,14.397406
11/11/2017,AUD,1.304068
11/11/2017,BGN,1.677950
11/11/2017,BRL,3.278379
11/11/2017,CAD,1.267665
11/11/2017,CHF,0.995696
11/11/2017,CLP,631.500396
11/11/2017,CNY,6.640622
11/11/2017,CZK,21.895014
11/11/2017,DKK,6.377523
11/11/2017,EUR,0.857238
11/11/2017,GBP,0.758115
11/11/2017,HKD,7.800578
11/11/2017,HUF,268.649699
11/11/2017,IDR,13533.585875
11/11/2017,ILS,3.550053
11/11/2017,INR,65.192886
11/11/2017,JPY,113.538030
11/11/2017,KRW,1120.062969
11/11/2017,MYR,4.192521
11/11/2017,MXN,19.180882
11/11/2017,NOK,8.130838
11/11/2017,NZD,1.442480
11/11/2017,PHP,51.268308
11/11/2017,PLN,3.623725
11/11/2017,RUB,59.240981
11/11/2017,SAR,3.766559
11/11/2017,SEK,8.364522
11/11/2017,SGD,1.360565
11/11/2017,THB,33.159900
11/11/2017,ZAR,14.396798
11/10/2017,AUD,1.305994
11/10/2017,BGN,1.679025
11/10/2017,BRL,3.271952
11/10/2017,CAD,1.268747
11/10/2017,CHF,0.996279
11/10/2017,CLP,631.510832
11/10/2017,CNY,6.640003
11/10/2017,CZK,21.924226
11/10/2017,DKK,6.382952
11/10/2017,EUR,0.857872
11/10/2017,GBP,0.757010
11/10/2017,HKD,7.802810
11/10/2017,HUF,267.453445
11/10/2017,IDR,13537.985532
11/10/2017,ILS,3.545639
11/10/2017,INR,65.194781
11/10/2017,JPY,113.483911
11/10/2017,KRW,1119.853820
11/10/2017,MYR,4.192507
11/10/2017,MXN,19.063179
11/10/2017,NOK,8.126338
11/10/2017,NZD,1.442815
11/10/2017,PHP,51.262868
11/10/2017,PLN,3.625543
11/10/2017,RUB,59.166002
11/10/2017,SAR,3.751568
11/10/2017,SEK,8.361416
11/10/2017,SGD,1.360485
11/10/2017,THB,33.132931
11/10/2017,ZAR,14.364219
11/09/2017,AUD,1.304353
11/09/2017,BGN,1.679005
11/09/2017,BRL,3.252852
11/09/2017,CAD,1.269366
11/09/2017,CHF,0.995790
11/09/2017,CLP,630.741243
11/09/2017,CNY,6.640450
11/09/2017,CZK,21.927126
11/09/2017,DKK,6.387001
11/09/2017,EUR,0.858382
11/09/2017,GBP,0.761460
11/09/2017,HKD,7.799852
11/09/2017,HUF,267.479961
11/09/2017,IDR,13523.685309
11/09/2017,ILS,3.518272
11/09/2017,INR,65.077386
11/09/2017,JPY,113.393803
11/09/2017,KRW,1118.331151
11/09/2017,MYR,4.192432
11/09/2017,MXN,19.080786
11/09/2017,NOK,8.130205
11/09/2017,NZD,1.438833
11/09/2017,PHP,51.268094
11/09/2017,PLN,3.633037
11/09/2017,RUB,59.302773
11/09/2017,SAR,3.750231
11/09/2017,SEK,8.369282
11/09/2017,SGD,1.359457
11/09/2017,THB,33.097589
11/09/2017,ZAR,14.262927
11/08/2017,AUD,1.302713
11/08/2017,BGN,1.687413
11/08/2017,BRL,3.256029
11/08/2017,CAD,1.272799
11/08/2017,CHF,0.999644
11/08/2017,CLP,631.725698
11/08/2017,CNY,6.627011
11/08/2017,CZK,22.084391
11/08/2017,DKK,6.422051
11/08/2017,EUR,0.862759
11/08/2017,GBP,0.762976
11/08/2017,HKD,7.796054
11/08/2017,HUF,269.137407
11/08/2017,IDR,13501.003719
11/08/2017,ILS,3.511907
11/08/2017,INR,64.941711
11/08/2017,JPY,113.615096
11/08/2017,KRW,1112.037773
11/08/2017,MYR,4.226295
11/08/2017,MXN,19.074387
11/08/2017,NOK,8.169195
11/08/2017,NZD,1.444970
11/08/2017,PHP,51.220586
11/08/2017,PLN,3.653581
11/08/2017,RUB,59.178378
11/08/2017,SAR,3.750419
11/08/2017,SEK,8.383654
11/08/2017,SGD,1.361541
11/08/2017,THB,33.107554
11/08/2017,ZAR,14.119366
11/07/2017,AUD,1.309575
11/07/2017,BGN,1.689947
11/07/2017,BRL,3.277241
11/07/2017,CAD,1.279275
11/07/2017,CHF,0.999367
11/07/2017,CLP,634.332933
11/07/2017,CNY,6.640004
11/07/2017,CZK,22.076762
11/07/2017,DKK,6.428148
11/07/2017,EUR,0.863656
11/07/2017,GBP,0.760301
11/07/2017,HKD,7.804342
11/07/2017,HUF,269.125587
11/07/2017,IDR,13530.442181
11/07/2017,ILS,3.518604
11/07/2017,INR,65.146154
11/07/2017,JPY,113.896149
11/07/2017,KRW,1113.449238
11/07/2017,MYR,4.226311
11/07/2017,MXN,19.149013
11/07/2017,NOK,8.183696
11/07/2017,NZD,1.449359
11/07/2017,PHP,51.434678
11/07/2017,PLN,3.666976
11/07/2017,RUB,59.385198
11/07/2017,SAR,3.751130
11/07/2017,SEK,8.403486
11/07/2017,SGD,1.364636
11/07/2017,THB,33.134894
11/07/2017,ZAR,14.239983
11/06/2017,AUD,1.303273
11/06/2017,BGN,1.685941
11/06/2017,BRL,3.277937
11/06/2017,CAD,1.273957
11/06/2017,CHF,0.998820
11/06/2017,CLP,633.032359
11/06/2017,CNY,6.633687
11/06/2017,CZK,22.037704
11/06/2017,DKK,6.415764
11/06/2017,EUR,0.862015
11/06/2017,GBP,0.760754
11/06/2017,HKD,7.802998
11/06/2017,HUF,268.442458
11/06/2017,IDR,13500.192921
11/06/2017,ILS,3.509081
11/06/2017,INR,64.607631
11/06/2017,JPY,113.885318
11/06/2017,KRW,1111.087345
11/06/2017,MYR,4.233173
11/06/2017,MXN,19.080951
11/06/2017,NOK,8.151893
11/06/2017,NZD,1.446627
11/06/2017,PHP,51.102213
11/06/2017,PLN,3.655959
11/06/2017,RUB,58.568884
11/06/2017,SAR,3.750176
11/06/2017,SEK,8.404841
11/06/2017,SGD,1.362698
11/06/2017,THB,33.114029
11/06/2017,ZAR,14.156868
11/05/2017,AUD,1.306268
11/05/2017,BGN,1.677827
11/05/2017,BRL,3.313679
11/05/2017,CAD,1.275784
11/05/2017,CHF,1.000736
11/05/2017,CLP,634.487052
11/05/2017,CNY,6.633546
11/05/2017,CZK,22.099374
11/05/2017,DKK,6.413172
11/05/2017,EUR,0.861112
11/05/2017,GBP,0.764672
11/05/2017,HKD,7.800168
11/05/2017,HUF,268.843191
11/05/2017,IDR,13498.120582
11/05/2017,ILS,3.513826
11/05/2017,INR,64.557793
11/05/2017,JPY,114.044206
11/05/2017,KRW,1115.159880
11/05/2017,MYR,4.235606
11/05/2017,MXN,19.271204
11/05/2017,NOK,8.173056
11/05/2017,NZD,1.447810
11/05/2017,PHP,51.294877
11/05/2017,PLN,3.657143
11/05/2017,RUB,59.119642
11/05/2017,SAR,3.769793
11/05/2017,SEK,8.450996
11/05/2017,SGD,1.364883
11/05/2017,THB,33.236812
11/05/2017,ZAR,14.243408
11/04/2017,AUD,1.306391
11/04/2017,BGN,1.677852
11/04/2017,BRL,3.313709
11/04/2017,CAD,1.275710
11/04/2017,CHF,1.000745
11/04/2017,CLP,634.499991
11/04/2017,CNY,6.633865
11/04/2017,CZK,22.099399
11/04/2017,DKK,6.413472
11/04/2017,EUR,0.861025
11/04/2017,GBP,0.764687
11/04/2017,HKD,7.800388
11/04/2017,HUF,269.127235
11/04/2017,IDR,13498.358093
11/04/2017,ILS,3.514432
11/04/2017,INR,64.555824
11/04/2017,JPY,114.043075
11/04/2017,KRW,1115.183699
11/04/2017,MYR,4.235556
11/04/2017,MXN,19.284902
11/04/2017,NOK,8.174792
11/04/2017,NZD,1.447871
11/04/2017,PHP,51.305070
11/04/2017,PLN,3.657874
11/04/2017,RUB,59.136155
11/04/2017,SAR,3.764792
11/04/2017,SEK,8.451094
11/04/2017,SGD,1.364776
11/04/2017,THB,33.254696
11/04/2017,ZAR,14.254420
11/03/2017,AUD,1.307321
11/03/2017,BGN,1.684064
11/03/2017,BRL,3.310843
11/03/2017,CAD,1.276994
11/03/2017,CHF,1.000321
11/03/2017,CLP,633.219521
11/03/2017,CNY,6.638819
11/03/2017,CZK,22.084816
11/03/2017,DKK,6.407095
11/03/2017,EUR,0.860782
11/03/2017,GBP,0.765208
11/03/2017,HKD,7.802589
11/03/2017,HUF,267.583702
11/03/2017,IDR,13528.010492
11/03/2017,ILS,3.509559
11/03/2017,INR,64.633490
11/03/2017,JPY,114.247757
11/03/2017,KRW,1115.762623
11/03/2017,MYR,4.238475
11/03/2017,MXN,19.195769
11/03/2017,NOK,8.183005
11/03/2017,NZD,1.447704
11/03/2017,PHP,51.279777
11/03/2017,PLN,3.653993
11/03/2017,RUB,59.124770
11/03/2017,SAR,3.750082
11/03/2017,SEK,8.435778
11/03/2017,SGD,1.363740
11/03/2017,THB,33.169129
11/03/2017,ZAR,14.214697
11/02/2017,AUD,1.294934
11/02/2017,BGN,1.675685
11/02/2017,BRL,3.268188
11/02/2017,CAD,1.280893
11/02/2017,CHF,0.997582
11/02/2017,CLP,630.855883
11/02/2017,CNY,6.609014
11/02/2017,CZK,21.995915
11/02/2017,DKK,6.374063
11/02/2017,EUR,0.856574
11/02/2017,GBP,0.765149
11/02/2017,HKD,7.802492
11/02/2017,HUF,266.750511
11/02/2017,IDR,13521.425613
11/02/2017,ILS,3.505024
11/02/2017,INR,64.571916
11/02/2017,JPY,113.844907
11/02/2017,KRW,1112.549496
11/02/2017,MYR,4.229997
11/02/2017,MXN,19.006472
11/02/2017,NOK,8.140338
11/02/2017,NZD,1.444411
11/02/2017,PHP,51.390953
11/02/2017,PLN,3.627465
11/02/2017,RUB,58.316308
11/02/2017,SAR,3.750718
11/02/2017,SEK,8.386469
11/02/2017,SGD,1.358967
11/02/2017,THB,33.088115
11/02/2017,ZAR,14.018476
11/01/2017,AUD,1.303277
11/01/2017,BGN,1.681885
11/01/2017,BRL,3.269146
11/01/2017,CAD,1.289343
11/01/2017,CHF,1.001208
11/01/2017,CLP,635.536481
11/01/2017,CNY,6.608832
11/01/2017,CZK,22.014373
11/01/2017,DKK,6.406387
11/01/2017,EUR,0.860793
11/01/2017,GBP,0.754393
11/01/2017,HKD,7.801182
11/01/2017,HUF,267.617675
11/01/2017,IDR,13554.562547
11/01/2017,ILS,3.515867
11/01/2017,INR,64.555443
11/01/2017,JPY,114.085288
11/01/2017,KRW,1111.171030
11/01/2017,MYR,4.230075
11/01/2017,MXN,19.141720
11/01/2017,NOK,8.159736
11/01/2017,NZD,1.450660
11/01/2017,PHP,51.526810
11/01/2017,PLN,3.647649
11/01/2017,RUB,58.242518
11/01/2017,SAR,3.750964
11/01/2017,SEK,8.403794
11/01/2017,SGD,1.361159
11/01/2017,THB,33.144492
11/01/2017,ZAR,14.087162